"","title","hit","url_val"
"1","10,20대 실검이 텔레그램 탈퇴라니요","597.9 k","http://www.clien.net/service/board/park/14739936?od=T31&po=0&category=&groupCd=community"
"2","코미케, 코믹월드에서 흔히 보이는 풍경","168","http://www.clien.net/service/board/park/14739935?od=T31&po=0&category=&groupCd=community"
"3","자브라 65t 히어스루 원래 이렇게 소리가 작은가요?","65","http://www.clien.net/service/board/park/14739933?od=T31&po=0&category=&groupCd=community"
"4","콜롬비아 부통령 '한국에서 코로나19 5만회 검사키트 수입 확정'","15","http://www.clien.net/service/board/park/14739932?od=T31&po=0&category=&groupCd=community"
"5","말라리아약이 코로나에 효과","207","http://www.clien.net/service/board/park/14739931?od=T31&po=0&category=&groupCd=community"
"6","친구부부 차 인수하는데 따라 왔는데 너무 심심해요 ㅠㅠ","168","http://www.clien.net/service/board/park/14739930?od=T31&po=0&category=&groupCd=community"
"7","디지털파운더리 '시리즈X 2080성능을 뛰어넘다'","250","http://www.clien.net/service/board/park/14739929?od=T31&po=0&category=&groupCd=community"
"8","욕심상정은 예상 외로 단일화 할지도 모르겠네요","94","http://www.clien.net/service/board/park/14739927?od=T31&po=0&category=&groupCd=community"
"9","주말에 떠나는 방구석 세계문화유산 탐험 그리스편","318","http://www.clien.net/service/board/park/14739926?od=T31&po=0&category=&groupCd=community"
"10","3년 만에 하드디스크 사려는데 가격이 똑같네요","216","http://www.clien.net/service/board/park/14739925?od=T31&po=0&category=&groupCd=community"
"11","Korea, Wonderland? 참 이상한 나라","219","http://www.clien.net/service/board/park/14739923?od=T31&po=0&category=&groupCd=community"
"12","선암사 범종각","296","http://www.clien.net/service/board/park/14739922?od=T31&po=0&category=&groupCd=community"
"13","소방에 대해서 궁금 하신거 있으시거 알려드릴게요","236","http://www.clien.net/service/board/park/14739921?od=T31&po=0&category=&groupCd=community"
"14","스티비 원더 노래 들으면서 인터넷 서핑하고 있습니다.","122","http://www.clien.net/service/board/park/14739920?od=T31&po=0&category=&groupCd=community"
"15","인천공항 제2터미널 입니다...","105","http://www.clien.net/service/board/park/14739919?od=T31&po=0&category=&groupCd=community"
"16","장.차관 급여 4달 30%삭감...고통분담차원","971","http://www.clien.net/service/board/park/14739918?od=T31&po=0&category=&groupCd=community"
"17","심상정 지역구 상황!!!","823","http://www.clien.net/service/board/park/14739917?od=T31&po=0&category=&groupCd=community"
"18","ps5는 발열이 어마어머하겠죠?","1982","http://www.clien.net/service/board/park/14739915?od=T31&po=0&category=&groupCd=community"
"19","자전거에 문제가 생겼는데요 휠 베어링 문제요.","324","http://www.clien.net/service/board/kin/14739914?od=T31&po=0&category=&groupCd=community"
"20","저널리즘 토크쇼 J 82회 예고","21","http://www.clien.net/service/board/park/14739912?od=T31&po=0&category=&groupCd=community"
"21","드래곤 후르츠를 몰래 먹었답니다","298","http://www.clien.net/service/board/park/14739911?od=T31&po=0&category=&groupCd=community"
"22","이번 총선 두 번째 후원입니다. ( 경기 의왕/과천 이소영 후보 )","840","http://www.clien.net/service/board/park/14739910?od=T31&po=0&category=&groupCd=community"
"23","전기면도기 추천하실만한 제품 있으신가요?","241","http://www.clien.net/service/board/kin/14739909?od=T31&po=0&category=&groupCd=community"
"24","딸기 깜끔하게 먹기.jpg","16","http://www.clien.net/service/board/park/14739907?od=T31&po=0&category=&groupCd=community"
"25","쿠팡맨 분들은 좋은 날씨에도 수고가 많으시군요","1738","http://www.clien.net/service/board/park/14739905?od=T31&po=0&category=&groupCd=community"
"26","ASUS Pcie 4.0 ssd 확장카드(X4).jpg","479","http://www.clien.net/service/board/park/14739904?od=T31&po=0&category=&groupCd=community"
"27","ABC 마트의 꼼수","821","http://www.clien.net/service/board/park/14739903?od=T31&po=0&category=&groupCd=community"
"28","한 대통령의 업적","2866","http://www.clien.net/service/board/park/14739902?od=T31&po=0&category=&groupCd=community"
"29","바이럴 한번 합니다","1981","http://www.clien.net/service/board/park/14739901?od=T31&po=0&category=&groupCd=community"
"30","아 이게 그 유명한 동물의 숲이란 게임이군요","415","http://www.clien.net/service/board/park/14739900?od=T31&po=0&category=&groupCd=community"
"31","10,20대 실검이 텔레그램 탈퇴라니요","1065","http://www.clien.net/service/board/park/14739936?od=T31&po=0&category=&groupCd=community"
